list-none-none,1,10,1,30,3659026,121967
list-none-none,1,100,1,300,3659026,12196
list-none-none,1,1000,1,3000,3659026,1219
list-none-none,1,10000,1,30000,3659026,121
list-none-none,1,20000,1,60000,3659027,60
list-none-none,2,100,1,600,3659030,6098
list-none-none,4,10,1,120,3659030,30491
list-none-none,8,10,1,240,3659030,15245
list-i-none,2,32,1,192,3659030,19057
list-i-none,4,2,1,24,3659030,152459
list-i-none,4,4,1,48,3659030,76229
list-i-none,8,2,1,48,3659030,76229
list-i-none,12,4,1,144,3659030,25409
list-i-none,12,8,1,288,3659030,12704
list-d-none,2,4,1,24,3659030,152459
list-d-none,2,8,1,48,3659030,76229
list-d-none,2,16,1,96,3659030,38114
list-d-none,4,4,1,48,3659030,76229
list-d-none,4,8,1,96,3659030,38114
list-d-none,4,16,1,192,3659030,19057
list-d-none,8,8,1,192,3659030,19057
list-il-none,2,2,1,12,3659030,304919
list-dl-none,2,4,1,24,3659030,152459
list-dl-none,2,8,1,48,3659030,76229
list-dl-none,2,16,1,96,3659030,38114
list-dl-none,2,32,1,192,3659030,19057
list-dl-none,4,2,1,24,3659030,152459
list-dl-none,4,16,1,192,3659030,19057
list-dl-none,8,4,1,96,3659030,38114
list-i-m,12,32,1,1152,3659030,3176
list-d-m,12,32,1,1152,3659030,3176
list-il-m,12,32,1,1152,3659030,3176
list-dl-m,12,32,1,1152,3659030,3176
list-i-s,12,32,1,1152,3659030,3176
list-d-s,12,32,1,1152,3659030,3176
list-il-s,12,32,1,1152,3659030,3176
list-dl-s,12,32,1,1152,3659030,3176
list-none-none,1,1000,1,3000,3659030,1219
list-none-m,1,1000,1,3000,3659030,1219
list-none-m,2,1000,1,6000,3659030,609
list-none-m,4,1000,1,12000,3659030,304
list-none-m,8,1000,1,24000,3659030,152
list-none-m,12,1000,1,36000,3659031,101
list-none-m,16,1000,1,48000,3659032,76
list-none-m,24,1000,1,72000,3659034,50
list-none-s,1,1000,1,3000,3659039,1219
list-none-s,2,1000,1,6000,3659039,609
list-none-s,4,1000,1,12000,3659039,304
list-none-s,8,1000,1,24000,3659039,152
list-none-s,12,1000,1,36000,3659040,101
list-none-s,16,1000,1,48000,3659041,76
